INSERT INTO spaceObject(name, radius, mass, EarthDistance, age, rotationSpeed, galaxyName, galaxyType) VALUES('ezpkrprchk', 86, 22, 8, 17, 26, 'apgnhmc', 'nxjtvecaujkgjv');
INSERT INTO spaceObject(name, radius, mass, EarthDistance, age, rotationSpeed, galaxyName, galaxyType) VALUES('e', 65, 86, 33, 20, 30, 'mn', 'kxpg');
INSERT INTO spaceObject(name, radius, mass, EarthDistance, age, rotationSpeed, galaxyName, galaxyType) VALUES('gvqfszuxp', 24, 95, 29, 73, 72, 'lyuqfdnjpt', 'yxtsnyvhuongls');
INSERT INTO spaceObject(name, radius, mass, EarthDistance, age, rotationSpeed, galaxyName, galaxyType) VALUES('edrho', 28, 90, 59, 42, 20, 'zbxuizt', 'dhho');
INSERT INTO spaceObject(name, radius, mass, EarthDistance, age, rotationSpeed, galaxyName, galaxyType) VALUES('x', 53, 99, 78, 9, 44, 'moa', 'komxfltiryb');
INSERT INTO spaceObject(name, radius, mass, EarthDistance, age, rotationSpeed, galaxyName, galaxyType) VALUES('hmncozod', 22, 45, 70, 14, 86, 'j', 'w');
INSERT INTO spaceObject(name, radius, mass, EarthDistance, age, rotationSpeed, galaxyName, galaxyType) VALUES('hm', 71, 94, 54, 84, 30, 'kcfwl', 'ns');
INSERT INTO spaceObject(name, radius, mass, EarthDistance, age, rotationSpeed, galaxyName, galaxyType) VALUES('ksfw', 6, 13, 10, 82, 39, 'trjxayzhoazzel', 'ndahck');
INSERT INTO spaceObject(name, radius, mass, EarthDistance, age, rotationSpeed, galaxyName, galaxyType) VALUES('t', 92, 63, 99, 27, 29, 'kvnbhpinfbrl', 'p');
INSERT INTO spaceObject(name, radius, mass, EarthDistance, age, rotationSpeed, galaxyName, galaxyType) VALUES('ju', 15, 88, 36, 4, 81, 'cntd', 'awiwjzveipqurw');
INSERT INTO spaceObject(name, radius, mass, EarthDistance, age, rotationSpeed, galaxyName, galaxyType) VALUES('rfnxlyfxh', 38, 88, 79, 90, 86, 'tluatrkuji', 'tvquakqtzptaexv');
INSERT INTO spaceObject(name, radius, mass, EarthDistance, age, rotationSpeed, galaxyName, galaxyType) VALUES('c', 47, 67, 10, 70, 47, 'fryxzfsjzdjh', 'ltpki');
INSERT INTO spaceObject(name, radius, mass, EarthDistance, age, rotationSpeed, galaxyName, galaxyType) VALUES('y', 83, 45, 40, 41, 76, 'vsqu', 'ubnqu');
INSERT INTO spaceObject(name, radius, mass, EarthDistance, age, rotationSpeed, galaxyName, galaxyType) VALUES('uxqhioyyna', 73, 16, 12, 34, 92, 'tc', 'blhqhwqbcwcv');
INSERT INTO spaceObject(name, radius, mass, EarthDistance, age, rotationSpeed, galaxyName, galaxyType) VALUES('hnxnerr', 8, 61, 22, 30, 70, 'zagc', 'ixwy');
INSERT INTO spaceObject(name, radius, mass, EarthDistance, age, rotationSpeed, galaxyName, galaxyType) VALUES('mdznej', 74, 59, 62, 83, 12, 'clncolukbcg', 'zcojcouvkni');
INSERT INTO spaceObject(name, radius, mass, EarthDistance, age, rotationSpeed, galaxyName, galaxyType) VALUES('fdagzyqpcw', 23, 93, 91, 96, 27, 'uwju', 'dtcyoobuj');
INSERT INTO spaceObject(name, radius, mass, EarthDistance, age, rotationSpeed, galaxyName, galaxyType) VALUES('ki', 48, 62, 83, 33, 98, 'dscikqt', 'frigvdih');
INSERT INTO spaceObject(name, radius, mass, EarthDistance, age, rotationSpeed, galaxyName, galaxyType) VALUES('uotet', 8, 51, 78, 10, 65, 'kcxhbnzzame', 'ddncozj');
INSERT INTO spaceObject(name, radius, mass, EarthDistance, age, rotationSpeed, galaxyName, galaxyType) VALUES('tmr', 87, 20, 78, 35, 35, 'ltdeibmawntwmo', 'maryb');

INSERT INTO star(OName, starType, color) VALUES('ezpkrprchk', 'xiuddrvb', 'bqndxwaa');
INSERT INTO star(OName, starType, color) VALUES('e', 'r', 'gspicefp');
INSERT INTO star(OName, starType, color) VALUES('gvqfszuxp', 'kgculdg', 'pyxt');
INSERT INTO star(OName, starType, color) VALUES('edrho', 'sasbhjkqs', 'z');
INSERT INTO star(OName, starType, color) VALUES('x', 'xec', 'mtzd');
INSERT INTO star(OName, starType, color) VALUES('hmncozod', 'cwxn', 'rkwpz');
INSERT INTO star(OName, starType, color) VALUES('hm', 'ywkjejtuwx', 'rpsv');
INSERT INTO star(OName, starType, color) VALUES('ksfw', 'evngwukndx', 'ygzgp');
INSERT INTO star(OName, starType, color) VALUES('t', 'swegq', 'lxnhn');
INSERT INTO star(OName, starType, color) VALUES('ju', 'oyblteh', 'ftyqz');
INSERT INTO star(OName, starType, color) VALUES('rfnxlyfxh', 'agdfpvmgdl', 'eagurf');
INSERT INTO star(OName, starType, color) VALUES('c', 'qmtjzere', 'vbjfa');
INSERT INTO star(OName, starType, color) VALUES('y', 'xfwnvkh', 'i');
INSERT INTO star(OName, starType, color) VALUES('uxqhioyyna', 'eiqijjfts', 'g');
INSERT INTO star(OName, starType, color) VALUES('hnxnerr', 'pjlphdth', 'ht');
INSERT INTO star(OName, starType, color) VALUES('mdznej', 'amqocq', 'sqnl');
INSERT INTO star(OName, starType, color) VALUES('fdagzyqpcw', 'alxfytq', 'fuv');
INSERT INTO star(OName, starType, color) VALUES('ki', 'hbiymvh', 'yb');
INSERT INTO star(OName, starType, color) VALUES('uotet', 'xau', 'dkegmfmu');
INSERT INTO star(OName, starType, color) VALUES('tmr', 'oosfocmeza', 'sda');

INSERT INTO planetarySystem(name, starName, description) VALUES('wxcym', 'ezpkrprchk', 'jbostwifcqesifqorqinbojivsgzslmmbzxqxkotwahdrhjfrxvjlqoxntuvsapsgqusdahjeucvxpnwf');
INSERT INTO planetarySystem(name, starName, description) VALUES('woxme', 'e', 'byxhy');
INSERT INTO planetarySystem(name, starName, description) VALUES('pzxnn', 'gvqfszuxp', 'tfnzhqzazpxmjq');
INSERT INTO planetarySystem(name, starName, description) VALUES('srujca', 'edrho', 'rabkanlwzrr');
INSERT INTO planetarySystem(name, starName, description) VALUES('ml', 'x', 'uritpalisos');

INSERT INTO spaceObject(name, radius, mass, EarthDistance, age, rotationSpeed, galaxyName, galaxyType) VALUES('rrhs', 79, 13, 60, 14, 11, 'kfzjaerpt', 'kpi');
INSERT INTO spaceObject(name, radius, mass, EarthDistance, age, rotationSpeed, galaxyName, galaxyType) VALUES('vcgs', 95, 25, 27, 64, 24, 'ifbefn', 'dh');
INSERT INTO spaceObject(name, radius, mass, EarthDistance, age, rotationSpeed, galaxyName, galaxyType) VALUES('ecpr', 20, 39, 36, 77, 34, 'nug', 'vbs');
INSERT INTO spaceObject(name, radius, mass, EarthDistance, age, rotationSpeed, galaxyName, galaxyType) VALUES('n', 21, 21, 72, 60, 94, 'sogksrg', 'epoi');
INSERT INTO spaceObject(name, radius, mass, EarthDistance, age, rotationSpeed, galaxyName, galaxyType) VALUES('mq', 37, 41, 16, 84, 13, 'vyti', 'ttx');
INSERT INTO spaceObject(name, radius, mass, EarthDistance, age, rotationSpeed, galaxyName, galaxyType) VALUES('nry', 45, 56, 13, 13, 22, 'fcimf', 'apgupqxlt');
INSERT INTO spaceObject(name, radius, mass, EarthDistance, age, rotationSpeed, galaxyName, galaxyType) VALUES('uejyvkvg', 7, 66, 7, 82, 71, 'fxqgytziuci', 'knuemysy');
INSERT INTO spaceObject(name, radius, mass, EarthDistance, age, rotationSpeed, galaxyName, galaxyType) VALUES('ejheygtso', 39, 5, 95, 29, 86, 'ix', 'igzdhavqbkyz');
INSERT INTO spaceObject(name, radius, mass, EarthDistance, age, rotationSpeed, galaxyName, galaxyType) VALUES('czutb', 70, 47, 88, 36, 34, 'a', 'hrmxfebdjrvbg');
INSERT INTO spaceObject(name, radius, mass, EarthDistance, age, rotationSpeed, galaxyName, galaxyType) VALUES('vwznvhezg', 56, 93, 63, 97, 39, 'ekemaophhault', 'mkfrcejpjwdhg');
INSERT INTO spaceObject(name, radius, mass, EarthDistance, age, rotationSpeed, galaxyName, galaxyType) VALUES('semrowf', 1, 20, 43, 16, 96, 'jepho', 'hyeaozndebacw');
INSERT INTO spaceObject(name, radius, mass, EarthDistance, age, rotationSpeed, galaxyName, galaxyType) VALUES('vjvsol', 64, 39, 45, 94, 53, 'eijawh', 'ldkjccmkfxiuncx');
INSERT INTO spaceObject(name, radius, mass, EarthDistance, age, rotationSpeed, galaxyName, galaxyType) VALUES('kcoadrxtv', 60, 62, 72, 58, 51, 'ialzvw', 'zogcrhjprtgr');
INSERT INTO spaceObject(name, radius, mass, EarthDistance, age, rotationSpeed, galaxyName, galaxyType) VALUES('ywnn', 43, 96, 35, 47, 87, 'pcqkahneavhkah', 'zk');
INSERT INTO spaceObject(name, radius, mass, EarthDistance, age, rotationSpeed, galaxyName, galaxyType) VALUES('plshm', 70, 51, 78, 35, 81, 'fridkqcwujlr', 'tokymxet');
INSERT INTO spaceObject(name, radius, mass, EarthDistance, age, rotationSpeed, galaxyName, galaxyType) VALUES('k', 27, 36, 65, 62, 50, 'wuunrezues', 'cuu');
INSERT INTO spaceObject(name, radius, mass, EarthDistance, age, rotationSpeed, galaxyName, galaxyType) VALUES('ct', 61, 50, 52, 87, 7, 'iaoannuao', 'zxpafeblfkguqx');
INSERT INTO spaceObject(name, radius, mass, EarthDistance, age, rotationSpeed, galaxyName, galaxyType) VALUES('nqwcbysvng', 87, 91, 63, 32, 67, 'swscckxis', 'fhcjliu');
INSERT INTO spaceObject(name, radius, mass, EarthDistance, age, rotationSpeed, galaxyName, galaxyType) VALUES('exetifqm', 17, 77, 33, 31, 84, 'qeqewha', 'aezpxvmev');
INSERT INTO spaceObject(name, radius, mass, EarthDistance, age, rotationSpeed, galaxyName, galaxyType) VALUES('rbyiwrhzgy', 52, 29, 22, 90, 55, 'eumvgxxd', 'ol');

INSERT INTO planet(OName, isLiveable, hasWater, hasAtmosphere, planetarySystemName) VALUES('rrhs', true, false, false, 'pzxnn');
INSERT INTO planet(OName, isLiveable, hasWater, hasAtmosphere, planetarySystemName) VALUES('vcgs', false, false, false, 'srujca');
INSERT INTO planet(OName, isLiveable, hasWater, hasAtmosphere, planetarySystemName) VALUES('ecpr', true, true, false, 'srujca');
INSERT INTO planet(OName, isLiveable, hasWater, hasAtmosphere, planetarySystemName) VALUES('n', true, true, true, 'woxme');
INSERT INTO planet(OName, isLiveable, hasWater, hasAtmosphere, planetarySystemName) VALUES('mq', true, false, true, 'wxcym');
INSERT INTO planet(OName, isLiveable, hasWater, hasAtmosphere, planetarySystemName) VALUES('nry', true, false, true, 'ml');
INSERT INTO planet(OName, isLiveable, hasWater, hasAtmosphere, planetarySystemName) VALUES('uejyvkvg', true, false, true, 'woxme');
INSERT INTO planet(OName, isLiveable, hasWater, hasAtmosphere, planetarySystemName) VALUES('ejheygtso', true, true, true, 'woxme');
INSERT INTO planet(OName, isLiveable, hasWater, hasAtmosphere, planetarySystemName) VALUES('czutb', false, false, false, 'ml');
INSERT INTO planet(OName, isLiveable, hasWater, hasAtmosphere, planetarySystemName) VALUES('vwznvhezg', true, true, false, 'srujca');
INSERT INTO planet(OName, isLiveable, hasWater, hasAtmosphere, planetarySystemName) VALUES('semrowf', true, true, true, 'ml');
INSERT INTO planet(OName, isLiveable, hasWater, hasAtmosphere, planetarySystemName) VALUES('vjvsol', true, true, false, 'woxme');
INSERT INTO planet(OName, isLiveable, hasWater, hasAtmosphere, planetarySystemName) VALUES('kcoadrxtv', true, false, true, 'pzxnn');
INSERT INTO planet(OName, isLiveable, hasWater, hasAtmosphere, planetarySystemName) VALUES('ywnn', true, true, true, 'srujca');
INSERT INTO planet(OName, isLiveable, hasWater, hasAtmosphere, planetarySystemName) VALUES('plshm', true, false, false, 'woxme');
INSERT INTO planet(OName, isLiveable, hasWater, hasAtmosphere, planetarySystemName) VALUES('k', true, false, false, 'woxme');
INSERT INTO planet(OName, isLiveable, hasWater, hasAtmosphere, planetarySystemName) VALUES('ct', false, false, false, 'wxcym');
INSERT INTO planet(OName, isLiveable, hasWater, hasAtmosphere, planetarySystemName) VALUES('nqwcbysvng', false, true, false, 'woxme');
INSERT INTO planet(OName, isLiveable, hasWater, hasAtmosphere, planetarySystemName) VALUES('exetifqm', true, true, false, 'wxcym');
INSERT INTO planet(OName, isLiveable, hasWater, hasAtmosphere, planetarySystemName) VALUES('rbyiwrhzgy', false, false, false, 'srujca');
