INSERT INTO spaceObject(name, radius, mass, EarthDistance, age, rotationSpeed, galaxyName, galaxyType, ownerID) VALUES('lemb', 21, 6, 1, 69, 59, 'cfgaokkshim', 'tffmktmhiqmdz', 1);
INSERT INTO spaceObject(name, radius, mass, EarthDistance, age, rotationSpeed, galaxyName, galaxyType, ownerID) VALUES('qpxrkxuzk', 86, 29, 68, 59, 88, 'ewzmmezg', 'vlz', 1);
INSERT INTO spaceObject(name, radius, mass, EarthDistance, age, rotationSpeed, galaxyName, galaxyType, ownerID) VALUES('cfmioxkpkc', 65, 22, 92, 77, 91, 'fdkfutd', 'rpimvp', 1);
INSERT INTO spaceObject(name, radius, mass, EarthDistance, age, rotationSpeed, galaxyName, galaxyType, ownerID) VALUES('xv', 35, 86, 98, 70, 66, 'mogbf', 'imekdknxyyjkf', 1);
INSERT INTO spaceObject(name, radius, mass, EarthDistance, age, rotationSpeed, galaxyName, galaxyType, ownerID) VALUES('btdknlxng', 73, 79, 34, 57, 67, 'ikxounrtfn', 'wsqlctbfavls', 1);
INSERT INTO spaceObject(name, radius, mass, EarthDistance, age, rotationSpeed, galaxyName, galaxyType, ownerID) VALUES('dwvtfzyr', 3, 94, 60, 84, 30, 'kihvwuapvcqmdr', 'yeoyrcllzb', 1);
INSERT INTO spaceObject(name, radius, mass, EarthDistance, age, rotationSpeed, galaxyName, galaxyType, ownerID) VALUES('wnxeb', 26, 84, 27, 47, 58, 'rnzffgzcwcvnpn', 'tyaabmkcakyfpif', 1);
INSERT INTO spaceObject(name, radius, mass, EarthDistance, age, rotationSpeed, galaxyName, galaxyType, ownerID) VALUES('lsnwzphiqo', 63, 8, 87, 38, 5, 'w', 'a', 1);
INSERT INTO spaceObject(name, radius, mass, EarthDistance, age, rotationSpeed, galaxyName, galaxyType, ownerID) VALUES('nahfz', 69, 35, 75, 31, 44, 'olchhuy', 'zldituoih', 1);
INSERT INTO spaceObject(name, radius, mass, EarthDistance, age, rotationSpeed, galaxyName, galaxyType, ownerID) VALUES('lmcaf', 40, 11, 51, 91, 60, 'rwimhze', 'gmqgcvncbwo', 1);
INSERT INTO spaceObject(name, radius, mass, EarthDistance, age, rotationSpeed, galaxyName, galaxyType, ownerID) VALUES('kitjqm', 92, 3, 99, 57, 36, 'cy', 'fzhonpom', 1);
INSERT INTO spaceObject(name, radius, mass, EarthDistance, age, rotationSpeed, galaxyName, galaxyType, ownerID) VALUES('ystkxu', 97, 82, 78, 97, 61, 'xflfnn', 'hd', 1);
INSERT INTO spaceObject(name, radius, mass, EarthDistance, age, rotationSpeed, galaxyName, galaxyType, ownerID) VALUES('aohb', 75, 60, 4, 66, 78, 'nhqlx', 'qey', 1);
INSERT INTO spaceObject(name, radius, mass, EarthDistance, age, rotationSpeed, galaxyName, galaxyType, ownerID) VALUES('oxhrks', 68, 69, 32, 3, 86, 'hbjqlxu', 'pijzlxppizhdg', 1);
INSERT INTO spaceObject(name, radius, mass, EarthDistance, age, rotationSpeed, galaxyName, galaxyType, ownerID) VALUES('dnizk', 11, 4, 5, 66, 56, 'wukv', 'uyydwqavmfgwcoq', 1);
INSERT INTO spaceObject(name, radius, mass, EarthDistance, age, rotationSpeed, galaxyName, galaxyType, ownerID) VALUES('zohkgpx', 25, 14, 21, 27, 55, 'oadkpoozlsoow', 'rvpdwmxfm', 1);
INSERT INTO spaceObject(name, radius, mass, EarthDistance, age, rotationSpeed, galaxyName, galaxyType, ownerID) VALUES('vualcjz', 28, 91, 19, 66, 79, 'uxjzonrvhuvmd', 'dsauidftscjsko', 1);
INSERT INTO spaceObject(name, radius, mass, EarthDistance, age, rotationSpeed, galaxyName, galaxyType, ownerID) VALUES('zpq', 92, 38, 68, 83, 12, 'sp', 'przcawfgyflv', 1);
INSERT INTO spaceObject(name, radius, mass, EarthDistance, age, rotationSpeed, galaxyName, galaxyType, ownerID) VALUES('k', 94, 22, 84, 73, 90, 'ecppo', 'ymqcbayjhirvqh', 1);
INSERT INTO spaceObject(name, radius, mass, EarthDistance, age, rotationSpeed, galaxyName, galaxyType, ownerID) VALUES('hz', 13, 71, 88, 15, 84, 'mmxaorlxjitapi', 'xvjy', 1);

INSERT INTO star(OName, starType, color) VALUES('lemb', 'jfjihsa', 'kulwemjd');
INSERT INTO star(OName, starType, color) VALUES('qpxrkxuzk', 'ru', 'gu');
INSERT INTO star(OName, starType, color) VALUES('cfmioxkpkc', 'dmriljgj', 'dbbqsshmm');
INSERT INTO star(OName, starType, color) VALUES('xv', 'qfohpemcs', 'wuvtwgjm');
INSERT INTO star(OName, starType, color) VALUES('btdknlxng', 'tdvteggr', 'jm');
INSERT INTO star(OName, starType, color) VALUES('dwvtfzyr', 'gpm', 'qvh');
INSERT INTO star(OName, starType, color) VALUES('wnxeb', 'ytsirg', 'wavpp');
INSERT INTO star(OName, starType, color) VALUES('lsnwzphiqo', 'ykhshxzp', 'umvqpspktd');
INSERT INTO star(OName, starType, color) VALUES('nahfz', 'idnnikauv', 'sg');
INSERT INTO star(OName, starType, color) VALUES('lmcaf', 'hphamwcwxy', 'xm');
INSERT INTO star(OName, starType, color) VALUES('kitjqm', 'ujpntzccu', 'f');
INSERT INTO star(OName, starType, color) VALUES('ystkxu', 'yl', 'xhvmetcgh');
INSERT INTO star(OName, starType, color) VALUES('aohb', 'yrz', 'toh');
INSERT INTO star(OName, starType, color) VALUES('oxhrks', 'lzudc', 'qczgnxzeij');
INSERT INTO star(OName, starType, color) VALUES('dnizk', 'x', 'jucgnn');
INSERT INTO star(OName, starType, color) VALUES('zohkgpx', 'je', 'sjaczkxhy');
INSERT INTO star(OName, starType, color) VALUES('vualcjz', 'wxpqmvyf', 'fqs');
INSERT INTO star(OName, starType, color) VALUES('zpq', 'ghzersc', 'th');
INSERT INTO star(OName, starType, color) VALUES('k', 'rtzw', 'dkjfuuyfnw');
INSERT INTO star(OName, starType, color) VALUES('hz', 'otxynaril', 'mabkhm');

INSERT INTO planetarySystem(name, starName, description) VALUES('zdzlnm', 'lemb', 'vxojbq');
INSERT INTO planetarySystem(name, starName, description) VALUES('okp', 'qpxrkxuzk', 'rtzsoqpqpobigamkneznltsatcckutzhlweodtdpnbhklutjxzchqpgbdydycjlnglotuntsihcwqcdjlyhfizmvamdtbtno');
INSERT INTO planetarySystem(name, starName, description) VALUES('haeytfuh', 'cfmioxkpkc', 'yhxwcjihslldzmcdkjgdfzdonsslbaioqjwacghxexoueivdtgzhfugywrjgzdhifdqlnsaeypfnfwfbd');
INSERT INTO planetarySystem(name, starName, description) VALUES('oem', 'xv', 'sssoiwvlqwleuldjfqugivewxlitvrldjgodiusxuxrsgdxudffgrcogjzwzkvtvzuivasqqusxekfphupqyxrtwrzroepl');
INSERT INTO planetarySystem(name, starName, description) VALUES('uij', 'btdknlxng', 'vackvsnpeldhypcbdovcvssiieprfmarxlonespdrrdeisctfoalafpykwym');

INSERT INTO spaceObject(name, radius, mass, EarthDistance, age, rotationSpeed, galaxyName, galaxyType, ownerID) VALUES('hfnyvwxokc', 13, 61, 30, 55, 41, 'zadshzmrb', 'ksrqzhkx', 1);
INSERT INTO spaceObject(name, radius, mass, EarthDistance, age, rotationSpeed, galaxyName, galaxyType, ownerID) VALUES('cyuhbypdjd', 57, 26, 30, 31, 9, 'fb', 'dzlfolhpdnuu', 1);
INSERT INTO spaceObject(name, radius, mass, EarthDistance, age, rotationSpeed, galaxyName, galaxyType, ownerID) VALUES('yedln', 54, 73, 94, 9, 53, 'gvfo', 'xlqnauyak', 1);
INSERT INTO spaceObject(name, radius, mass, EarthDistance, age, rotationSpeed, galaxyName, galaxyType, ownerID) VALUES('fwxl', 42, 78, 37, 53, 46, 'jraxeet', 'nvcpxe', 1);
INSERT INTO spaceObject(name, radius, mass, EarthDistance, age, rotationSpeed, galaxyName, galaxyType, ownerID) VALUES('akuceussx', 9, 88, 37, 14, 50, 'wv', 'cnserekqrmgk', 1);
INSERT INTO spaceObject(name, radius, mass, EarthDistance, age, rotationSpeed, galaxyName, galaxyType, ownerID) VALUES('po', 98, 67, 77, 31, 34, 'ceu', 'jbtbxpnfuc', 1);
INSERT INTO spaceObject(name, radius, mass, EarthDistance, age, rotationSpeed, galaxyName, galaxyType, ownerID) VALUES('atqet', 41, 64, 63, 67, 91, 'twnspndlkuxiauc', 'imppuz', 1);
INSERT INTO spaceObject(name, radius, mass, EarthDistance, age, rotationSpeed, galaxyName, galaxyType, ownerID) VALUES('hlxbuds', 54, 52, 42, 58, 67, 'uutexk', 'b', 1);
INSERT INTO spaceObject(name, radius, mass, EarthDistance, age, rotationSpeed, galaxyName, galaxyType, ownerID) VALUES('ttyr', 94, 95, 26, 75, 46, 'afh', 'opezwkrnk', 1);
INSERT INTO spaceObject(name, radius, mass, EarthDistance, age, rotationSpeed, galaxyName, galaxyType, ownerID) VALUES('nainpagf', 77, 14, 64, 80, 85, 'hlv', 'ti', 1);
INSERT INTO spaceObject(name, radius, mass, EarthDistance, age, rotationSpeed, galaxyName, galaxyType, ownerID) VALUES('jbtaiwafj', 57, 15, 36, 1, 19, 'lxrzr', 'kywmlzwplxej', 1);
INSERT INTO spaceObject(name, radius, mass, EarthDistance, age, rotationSpeed, galaxyName, galaxyType, ownerID) VALUES('pburohfu', 21, 30, 34, 53, 82, 'kupbzxfnsnee', 'otfrrmqwpanowzh', 1);
INSERT INTO spaceObject(name, radius, mass, EarthDistance, age, rotationSpeed, galaxyName, galaxyType, ownerID) VALUES('rwepljeyv', 4, 62, 80, 74, 97, 'vsigvispqt', 'orgdjn', 1);
INSERT INTO spaceObject(name, radius, mass, EarthDistance, age, rotationSpeed, galaxyName, galaxyType, ownerID) VALUES('fnhajh', 12, 1, 85, 37, 17, 'pwypdt', 'qlyauzzshb', 1);
INSERT INTO spaceObject(name, radius, mass, EarthDistance, age, rotationSpeed, galaxyName, galaxyType, ownerID) VALUES('bvblrxbeb', 4, 91, 19, 4, 37, 'bdjp', 'uztmouoossfatt', 1);
INSERT INTO spaceObject(name, radius, mass, EarthDistance, age, rotationSpeed, galaxyName, galaxyType, ownerID) VALUES('cdsq', 22, 57, 8, 100, 14, 'aplukheip', 'nidzwez', 1);
INSERT INTO spaceObject(name, radius, mass, EarthDistance, age, rotationSpeed, galaxyName, galaxyType, ownerID) VALUES('zbkv', 75, 75, 24, 70, 54, 'nplaoiz', 'dhrhj', 1);
INSERT INTO spaceObject(name, radius, mass, EarthDistance, age, rotationSpeed, galaxyName, galaxyType, ownerID) VALUES('l', 12, 70, 13, 49, 88, 'kifgcbe', 'gecbf', 1);
INSERT INTO spaceObject(name, radius, mass, EarthDistance, age, rotationSpeed, galaxyName, galaxyType, ownerID) VALUES('nipadv', 96, 76, 34, 89, 42, 'bhi', 'd', 1);
INSERT INTO spaceObject(name, radius, mass, EarthDistance, age, rotationSpeed, galaxyName, galaxyType, ownerID) VALUES('akckfyxrlb', 13, 29, 1, 1, 75, 'dfw', 'yufbnrwgkzefk', 1);

INSERT INTO planet(OName, isLiveable, hasWater, hasAtmosphere, planetarySystemName) VALUES('hfnyvwxokc', true, false, false, 'haeytfuh');
INSERT INTO planet(OName, isLiveable, hasWater, hasAtmosphere, planetarySystemName) VALUES('cyuhbypdjd', true, false, true, 'zdzlnm');
INSERT INTO planet(OName, isLiveable, hasWater, hasAtmosphere, planetarySystemName) VALUES('yedln', false, false, false, 'zdzlnm');
INSERT INTO planet(OName, isLiveable, hasWater, hasAtmosphere, planetarySystemName) VALUES('fwxl', false, false, true, 'oem');
INSERT INTO planet(OName, isLiveable, hasWater, hasAtmosphere, planetarySystemName) VALUES('akuceussx', false, false, true, 'uij');
INSERT INTO planet(OName, isLiveable, hasWater, hasAtmosphere, planetarySystemName) VALUES('po', false, true, true, 'uij');
INSERT INTO planet(OName, isLiveable, hasWater, hasAtmosphere, planetarySystemName) VALUES('atqet', false, true, false, 'zdzlnm');
INSERT INTO planet(OName, isLiveable, hasWater, hasAtmosphere, planetarySystemName) VALUES('hlxbuds', true, true, true, 'oem');
INSERT INTO planet(OName, isLiveable, hasWater, hasAtmosphere, planetarySystemName) VALUES('ttyr', false, true, true, 'uij');
INSERT INTO planet(OName, isLiveable, hasWater, hasAtmosphere, planetarySystemName) VALUES('nainpagf', true, false, true, 'haeytfuh');
INSERT INTO planet(OName, isLiveable, hasWater, hasAtmosphere, planetarySystemName) VALUES('jbtaiwafj', true, false, true, 'oem');
INSERT INTO planet(OName, isLiveable, hasWater, hasAtmosphere, planetarySystemName) VALUES('pburohfu', false, true, false, 'okp');
INSERT INTO planet(OName, isLiveable, hasWater, hasAtmosphere, planetarySystemName) VALUES('rwepljeyv', true, true, true, 'haeytfuh');
INSERT INTO planet(OName, isLiveable, hasWater, hasAtmosphere, planetarySystemName) VALUES('fnhajh', true, false, true, 'oem');
INSERT INTO planet(OName, isLiveable, hasWater, hasAtmosphere, planetarySystemName) VALUES('bvblrxbeb', false, false, false, 'uij');
INSERT INTO planet(OName, isLiveable, hasWater, hasAtmosphere, planetarySystemName) VALUES('cdsq', true, false, false, 'uij');
INSERT INTO planet(OName, isLiveable, hasWater, hasAtmosphere, planetarySystemName) VALUES('zbkv', true, true, true, 'okp');
INSERT INTO planet(OName, isLiveable, hasWater, hasAtmosphere, planetarySystemName) VALUES('l', false, true, true, 'uij');
INSERT INTO planet(OName, isLiveable, hasWater, hasAtmosphere, planetarySystemName) VALUES('nipadv', true, true, true, 'oem');
INSERT INTO planet(OName, isLiveable, hasWater, hasAtmosphere, planetarySystemName) VALUES('akckfyxrlb', true, true, false, 'uij');
