INSERT INTO spaceObject(name, radius, mass, EarthDistance, age, rotationSpeed, galaxyName, galaxyType, ownerID) VALUES('sf', 23, 22, 47, 80, 41, 'yoswmth', 'xkgxgcqykflibh', 1);
INSERT INTO spaceObject(name, radius, mass, EarthDistance, age, rotationSpeed, galaxyName, galaxyType, ownerID) VALUES('ttfgagrdn', 5, 58, 35, 57, 60, 'xpzobmolctpppal', 'm', 1);
INSERT INTO spaceObject(name, radius, mass, EarthDistance, age, rotationSpeed, galaxyName, galaxyType, ownerID) VALUES('vtgphsr', 50, 35, 74, 92, 72, 'elpzqc', 'belcexrqui', 1);
INSERT INTO spaceObject(name, radius, mass, EarthDistance, age, rotationSpeed, galaxyName, galaxyType, ownerID) VALUES('bbczxhvyrl', 74, 33, 42, 46, 41, 'wmdvgsos', 'hizqrpvzkgwetz', 1);
INSERT INTO spaceObject(name, radius, mass, EarthDistance, age, rotationSpeed, galaxyName, galaxyType, ownerID) VALUES('culdcdjx', 69, 19, 61, 10, 12, 'on', 'afrvfxpwzqn', 1);
INSERT INTO spaceObject(name, radius, mass, EarthDistance, age, rotationSpeed, galaxyName, galaxyType, ownerID) VALUES('pn', 6, 94, 4, 78, 90, 'mpxsruwjeuzd', 'grrpnzhwkezwf', 1);
INSERT INTO spaceObject(name, radius, mass, EarthDistance, age, rotationSpeed, galaxyName, galaxyType, ownerID) VALUES('wnm', 48, 63, 68, 42, 63, 'ffovly', 'yzaghgifdjnc', 1);
INSERT INTO spaceObject(name, radius, mass, EarthDistance, age, rotationSpeed, galaxyName, galaxyType, ownerID) VALUES('uvdunt', 60, 72, 4, 89, 89, 'myj', 'xvfgcimkwvncp', 1);
INSERT INTO spaceObject(name, radius, mass, EarthDistance, age, rotationSpeed, galaxyName, galaxyType, ownerID) VALUES('afhizb', 44, 87, 64, 36, 82, 'kxranectmdkuu', 'w', 1);
INSERT INTO spaceObject(name, radius, mass, EarthDistance, age, rotationSpeed, galaxyName, galaxyType, ownerID) VALUES('lqedg', 49, 35, 97, 54, 20, 'inyn', 'bjwcvchhtjq', 1);
INSERT INTO spaceObject(name, radius, mass, EarthDistance, age, rotationSpeed, galaxyName, galaxyType, ownerID) VALUES('conwjh', 22, 63, 24, 33, 98, 'iustkzhqpowtya', 'abdkufk', 1);
INSERT INTO spaceObject(name, radius, mass, EarthDistance, age, rotationSpeed, galaxyName, galaxyType, ownerID) VALUES('wonjzzukbc', 37, 38, 62, 69, 19, 'mpufgirxsmu', 'hvpqsd', 1);
INSERT INTO spaceObject(name, radius, mass, EarthDistance, age, rotationSpeed, galaxyName, galaxyType, ownerID) VALUES('dggckn', 29, 11, 65, 88, 50, 'wzaaslnwxgmnxfd', 'oeyauat', 1);
INSERT INTO spaceObject(name, radius, mass, EarthDistance, age, rotationSpeed, galaxyName, galaxyType, ownerID) VALUES('yzpahojp', 88, 1, 96, 14, 67, 'quplbzjlcja', 'uqyexfmhmve', 1);
INSERT INTO spaceObject(name, radius, mass, EarthDistance, age, rotationSpeed, galaxyName, galaxyType, ownerID) VALUES('sbhelu', 81, 30, 43, 87, 50, 'hegvjvsxv', 'ejwltblzjpao', 1);
INSERT INTO spaceObject(name, radius, mass, EarthDistance, age, rotationSpeed, galaxyName, galaxyType, ownerID) VALUES('ocnxlqi', 44, 86, 91, 19, 68, 'syc', 'onsc', 1);
INSERT INTO spaceObject(name, radius, mass, EarthDistance, age, rotationSpeed, galaxyName, galaxyType, ownerID) VALUES('salgvh', 82, 11, 100, 45, 40, 'ojqvwg', 'gwb', 1);
INSERT INTO spaceObject(name, radius, mass, EarthDistance, age, rotationSpeed, galaxyName, galaxyType, ownerID) VALUES('rojcszg', 7, 100, 90, 20, 89, 'znxrfntcyohhxk', 'gkqfqmhahkr', 1);
INSERT INTO spaceObject(name, radius, mass, EarthDistance, age, rotationSpeed, galaxyName, galaxyType, ownerID) VALUES('ppulitdshl', 88, 63, 59, 32, 2, 'ehaizkocpbtupsd', 'npfmbmvd', 1);
INSERT INTO spaceObject(name, radius, mass, EarthDistance, age, rotationSpeed, galaxyName, galaxyType, ownerID) VALUES('rbrjy', 21, 80, 83, 8, 68, 'laldt', 'yqzpfy', 1);
INSERT INTO spaceObject(name, radius, mass, EarthDistance, age, rotationSpeed, galaxyName, galaxyType, ownerID) VALUES('rvwbfz', 6, 12, 16, 42, 22, 'cmkpyukbwvo', 'vlhqhqrlrfqjzf', 1);
INSERT INTO spaceObject(name, radius, mass, EarthDistance, age, rotationSpeed, galaxyName, galaxyType, ownerID) VALUES('s', 61, 61, 46, 41, 86, 'nxp', 'eiqzxyipyf', 1);
INSERT INTO spaceObject(name, radius, mass, EarthDistance, age, rotationSpeed, galaxyName, galaxyType, ownerID) VALUES('qktskn', 59, 92, 100, 97, 91, 'qmrkobfxikrzw', 'bbmuxxor', 1);
INSERT INTO spaceObject(name, radius, mass, EarthDistance, age, rotationSpeed, galaxyName, galaxyType, ownerID) VALUES('gkqt', 82, 8, 13, 69, 66, 'cbtgslyvncmcfdd', 'pxcrijsgs', 1);
INSERT INTO spaceObject(name, radius, mass, EarthDistance, age, rotationSpeed, galaxyName, galaxyType, ownerID) VALUES('numbnrat', 89, 57, 76, 9, 50, 'afasx', 'oizkoemp', 1);
INSERT INTO spaceObject(name, radius, mass, EarthDistance, age, rotationSpeed, galaxyName, galaxyType, ownerID) VALUES('aknx', 48, 99, 96, 80, 41, 'ut', 'bipgz', 1);
INSERT INTO spaceObject(name, radius, mass, EarthDistance, age, rotationSpeed, galaxyName, galaxyType, ownerID) VALUES('dqzmclmhh', 52, 84, 33, 80, 28, 'suoiv', 'vsf', 1);
INSERT INTO spaceObject(name, radius, mass, EarthDistance, age, rotationSpeed, galaxyName, galaxyType, ownerID) VALUES('pjbojwq', 57, 87, 14, 70, 59, 'esqsylpr', 'cmboqfruasgwge', 1);
INSERT INTO spaceObject(name, radius, mass, EarthDistance, age, rotationSpeed, galaxyName, galaxyType, ownerID) VALUES('dvxqpy', 10, 5, 23, 74, 46, 'gjzodofvw', 'yrcri', 1);
INSERT INTO spaceObject(name, radius, mass, EarthDistance, age, rotationSpeed, galaxyName, galaxyType, ownerID) VALUES('ky', 86, 52, 17, 38, 90, 'ospnckcjywtbahp', 'zpluqryjd', 1);
INSERT INTO spaceObject(name, radius, mass, EarthDistance, age, rotationSpeed, galaxyName, galaxyType, ownerID) VALUES('t', 21, 32, 17, 16, 40, 'v', 'j', 1);
INSERT INTO spaceObject(name, radius, mass, EarthDistance, age, rotationSpeed, galaxyName, galaxyType, ownerID) VALUES('khfwyrf', 45, 92, 2, 74, 30, 'ozbfq', 'docw', 1);
INSERT INTO spaceObject(name, radius, mass, EarthDistance, age, rotationSpeed, galaxyName, galaxyType, ownerID) VALUES('bfl', 84, 97, 88, 91, 49, 'juacfuogrpj', 'hjkcufxkdccnbx', 1);
INSERT INTO spaceObject(name, radius, mass, EarthDistance, age, rotationSpeed, galaxyName, galaxyType, ownerID) VALUES('xnetrcngss', 86, 39, 63, 29, 93, 'kpslxm', 'pssdncywo', 1);
INSERT INTO spaceObject(name, radius, mass, EarthDistance, age, rotationSpeed, galaxyName, galaxyType, ownerID) VALUES('uqvtxx', 50, 33, 33, 17, 80, 'dxypythftuv', 'rjqxqrrpfnyjm', 1);
INSERT INTO spaceObject(name, radius, mass, EarthDistance, age, rotationSpeed, galaxyName, galaxyType, ownerID) VALUES('frpodunlw', 41, 97, 37, 98, 20, 'fs', 'r', 1);
INSERT INTO spaceObject(name, radius, mass, EarthDistance, age, rotationSpeed, galaxyName, galaxyType, ownerID) VALUES('woee', 50, 18, 86, 4, 33, 'houlh', 'uevcweseusroz', 1);
INSERT INTO spaceObject(name, radius, mass, EarthDistance, age, rotationSpeed, galaxyName, galaxyType, ownerID) VALUES('bgvpumj', 62, 41, 2, 35, 12, 'sbjfrpwtfwymbj', 'yschyegksieisd', 1);
INSERT INTO spaceObject(name, radius, mass, EarthDistance, age, rotationSpeed, galaxyName, galaxyType, ownerID) VALUES('gaqk', 43, 59, 69, 3, 99, 'qqlzb', 'vdemqbywuoanl', 1);
INSERT INTO spaceObject(name, radius, mass, EarthDistance, age, rotationSpeed, galaxyName, galaxyType, ownerID) VALUES('bzmdk', 94, 65, 44, 41, 92, 'ygokcbbvai', 'gvbfttlitttvy', 1);

INSERT INTO star(OName, starType, color) VALUES('sf', 'hckpkcsx', 'xe');
INSERT INTO star(OName, starType, color) VALUES('ttfgagrdn', 'bkezw', 'jqxvrw');
INSERT INTO star(OName, starType, color) VALUES('vtgphsr', 'hugtqn', 'utsdcrlr');
INSERT INTO star(OName, starType, color) VALUES('bbczxhvyrl', 'prxpu', 'hplnxaqr');
INSERT INTO star(OName, starType, color) VALUES('culdcdjx', 'ybrt', 'b');
INSERT INTO star(OName, starType, color) VALUES('pn', 'tnzvuznkw', 'xihao');
INSERT INTO star(OName, starType, color) VALUES('wnm', 'jgccn', 'vghztpg');
INSERT INTO star(OName, starType, color) VALUES('uvdunt', 'int', 'mugtdibjd');
INSERT INTO star(OName, starType, color) VALUES('afhizb', 'enx', 'swedsqbk');
INSERT INTO star(OName, starType, color) VALUES('lqedg', 'crcgk', 'aesip');
INSERT INTO star(OName, starType, color) VALUES('conwjh', 'katrywei', 'xj');
INSERT INTO star(OName, starType, color) VALUES('wonjzzukbc', 'ztihhzxlwz', 'psuthqh');
INSERT INTO star(OName, starType, color) VALUES('dggckn', 'pnamrakbjd', 'uxnkda');
INSERT INTO star(OName, starType, color) VALUES('yzpahojp', 'rmk', 'nn');
INSERT INTO star(OName, starType, color) VALUES('sbhelu', 'xwpvhujeyx', 'nccni');
INSERT INTO star(OName, starType, color) VALUES('ocnxlqi', 'efwt', 'yivivki');
INSERT INTO star(OName, starType, color) VALUES('salgvh', 'kpj', 'qmgvtavtzj');
INSERT INTO star(OName, starType, color) VALUES('rojcszg', 'zrmqylk', 'ft');
INSERT INTO star(OName, starType, color) VALUES('ppulitdshl', 'jpupirhdi', 'shgeiwfem');
INSERT INTO star(OName, starType, color) VALUES('rbrjy', 'ngi', 'smevsvnf');

INSERT INTO planetarySystem(name, starName, description) VALUES('efe', 'sf', 'hoztodrikiblbydivaiy');
INSERT INTO planetarySystem(name, starName, description) VALUES('omwiex', 'ttfgagrdn', 'sdiclsvucarcivzcgwokgtlobblpprjexmzacoxixdbfkmupymkyhmqsqcmfftqgdp');
INSERT INTO planetarySystem(name, starName, description) VALUES('iqi', 'vtgphsr', 'yf');
INSERT INTO planetarySystem(name, starName, description) VALUES('cuviyoieic', 'bbczxhvyrl', 'kyqutbppmhqnzcqecuanvapzelmrfgmunugqnwqbavjunlmoqvztipcerhlurfwmyevdpyuweiqathenasdixmptfkup');
INSERT INTO planetarySystem(name, starName, description) VALUES('wkkpt', 'culdcdjx', 'avtvjxssqxhorgzochnzinsilnecncnewswcjxeqeqigjwuozzvfinofevhiwqufacffeegsjfquxkghqxojnehhzkx');

INSERT INTO planet(OName, isLiveable, hasWater, hasAtmosphere, planetarySystemName) VALUES('rvwbfz', true, true, false, 'omwiex');
INSERT INTO planet(OName, isLiveable, hasWater, hasAtmosphere, planetarySystemName) VALUES('s', false, false, true, 'omwiex');
INSERT INTO planet(OName, isLiveable, hasWater, hasAtmosphere, planetarySystemName) VALUES('qktskn', false, true, true, 'omwiex');
INSERT INTO planet(OName, isLiveable, hasWater, hasAtmosphere, planetarySystemName) VALUES('gkqt', false, true, true, 'efe');
INSERT INTO planet(OName, isLiveable, hasWater, hasAtmosphere, planetarySystemName) VALUES('numbnrat', true, true, true, 'efe');
INSERT INTO planet(OName, isLiveable, hasWater, hasAtmosphere, planetarySystemName) VALUES('aknx', false, false, true, 'wkkpt');
INSERT INTO planet(OName, isLiveable, hasWater, hasAtmosphere, planetarySystemName) VALUES('dqzmclmhh', false, true, false, 'omwiex');
INSERT INTO planet(OName, isLiveable, hasWater, hasAtmosphere, planetarySystemName) VALUES('pjbojwq', false, false, true, 'cuviyoieic');
INSERT INTO planet(OName, isLiveable, hasWater, hasAtmosphere, planetarySystemName) VALUES('dvxqpy', false, true, false, 'wkkpt');
INSERT INTO planet(OName, isLiveable, hasWater, hasAtmosphere, planetarySystemName) VALUES('ky', true, false, false, 'wkkpt');
INSERT INTO planet(OName, isLiveable, hasWater, hasAtmosphere, planetarySystemName) VALUES('t', true, false, true, 'iqi');
INSERT INTO planet(OName, isLiveable, hasWater, hasAtmosphere, planetarySystemName) VALUES('khfwyrf', false, true, false, 'wkkpt');
INSERT INTO planet(OName, isLiveable, hasWater, hasAtmosphere, planetarySystemName) VALUES('bfl', false, true, true, 'cuviyoieic');
INSERT INTO planet(OName, isLiveable, hasWater, hasAtmosphere, planetarySystemName) VALUES('xnetrcngss', false, true, true, 'cuviyoieic');
INSERT INTO planet(OName, isLiveable, hasWater, hasAtmosphere, planetarySystemName) VALUES('uqvtxx', false, false, true, 'iqi');
INSERT INTO planet(OName, isLiveable, hasWater, hasAtmosphere, planetarySystemName) VALUES('frpodunlw', false, true, false, 'wkkpt');
INSERT INTO planet(OName, isLiveable, hasWater, hasAtmosphere, planetarySystemName) VALUES('woee', true, false, false, 'wkkpt');
INSERT INTO planet(OName, isLiveable, hasWater, hasAtmosphere, planetarySystemName) VALUES('bgvpumj', true, false, true, 'omwiex');
INSERT INTO planet(OName, isLiveable, hasWater, hasAtmosphere, planetarySystemName) VALUES('gaqk', true, true, true, 'iqi');
INSERT INTO planet(OName, isLiveable, hasWater, hasAtmosphere, planetarySystemName) VALUES('bzmdk', true, true, false, 'omwiex');

INSERT INTO moon(name, PName) VALUES ('vtz', 'dvxqpy');
INSERT INTO moon(name, PName) VALUES ('ygegma', 't');
INSERT INTO moon(name, PName) VALUES ('dao', 'aknx');
INSERT INTO moon(name, PName) VALUES ('tqvfsvnn', 'numbnrat');
INSERT INTO moon(name, PName) VALUES ('itmbntpfx', 'uqvtxx');
INSERT INTO moon(name, PName) VALUES ('ooqaq', 't');
INSERT INTO moon(name, PName) VALUES ('efeppcfh', 'dqzmclmhh');
INSERT INTO moon(name, PName) VALUES ('terryl', 'gaqk');
INSERT INTO moon(name, PName) VALUES ('jkyfjbog', 't');
INSERT INTO moon(name, PName) VALUES ('pukwpp', 'bfl');

